{
  "removeInventoryPotionShift": true,
  "learningIncreasesExpOrbValue": true,
  "enableVials": true,
  "enableRings": true,
  "enableBrewingStandFire": true,
  "useAnchorChargesWithReturnPotion": true,
  "allowRingsInInventoryWithCurios": false,
  "potions": {
    "magnetism": true,
    "photosynthesis": true,
    "crumbling": true,
    "fuse": true,
    "recall": true,
    "sails": true,
    "returning": true,
    "learning": true,
    "concentration": true,
    "gravity": true,
    "combustion": true,
    "pacifism": true
  }
}